First Name,Last Name,DOB,Gender,Email
Alex,Thompson,05/15/2010,Male,alex@example.com
Bailey,Lee,15/03/2009,Female,bailey@example.com
Casey,Kim,2011-07-22,Male,casey@example.com
Drew,Patel,22-Nov-2012,Female,drew@example.com
Ellis,Chen,2008/12/03,Male,ellis@example.com